p,w,s,base,best,gain
0.05,002,002,86.615200,86.701000,1.000991
0.10,002,002,48.593100,48.751900,1.003268
0.15,002,002,34.018100,33.919600,0.997104
0.20,002,002,25.840200,25.831700,0.999671
0.25,002,002,20.709900,20.711500,1.000077
0.30,002,001,17.113200,17.074600,0.997744
0.35,002,002,14.429200,14.409300,0.998621
0.40,002,002,12.366600,12.341900,0.998003
0.45,002,002,10.683600,10.660400,0.997828
0.50,002,002,9.318300,9.297700,0.997789
0.05,003,003,86.615200,86.519200,0.998892
0.10,003,003,48.593100,48.632500,1.000811
0.15,003,002,34.018100,33.601200,0.987745
0.20,003,002,25.840200,25.611500,0.991149
0.25,003,002,20.709900,20.414500,0.985736
0.30,003,002,17.113200,16.815400,0.982598
0.35,003,002,14.429200,14.113500,0.978121
0.40,003,002,12.366600,11.983200,0.968997
0.45,003,002,10.683600,10.206900,0.955380
0.50,003,002,9.318300,8.783500,0.942608
0.05,004,003,86.615200,86.840200,1.002598
0.10,004,002,48.593100,48.342900,0.994851
0.15,004,002,34.018100,33.553700,0.986348
0.20,004,002,25.840200,25.346100,0.980879
0.25,004,002,20.709900,20.066800,0.968947
0.30,004,002,17.113200,16.432200,0.960206
0.35,004,002,14.429200,13.630200,0.944626
0.40,004,002,12.366600,11.485500,0.928752
0.45,004,002,10.683600,9.736200,0.911322
0.50,004,002,9.318300,8.320700,0.892942
0.05,005,005,86.615200,87.032500,1.004818
0.10,005,003,48.593100,48.281000,0.993577
0.15,005,003,34.018100,33.197000,0.975863
0.20,005,003,25.840200,24.846600,0.961548
0.25,005,003,20.709900,19.397800,0.936644
0.30,005,003,17.113200,15.529600,0.907463
0.35,005,003,14.429200,12.533200,0.868600
0.40,005,003,12.366600,10.153500,0.821042
0.45,005,003,10.683600,8.184500,0.766081
0.50,005,003,9.318300,6.526000,0.700342
0.05,006,004,86.615200,86.530500,0.999022
0.10,006,003,48.593100,48.061800,0.989066
0.15,006,003,34.018100,32.908400,0.967379
0.20,006,003,25.840200,24.381000,0.943530
0.25,006,003,20.709900,19.072600,0.920941
0.30,006,003,17.113200,15.208300,0.888688
0.35,006,003,14.429200,12.476800,0.864691
0.40,006,004,12.366600,10.186300,0.823694
0.45,006,004,10.683600,8.267600,0.773859
0.50,006,004,9.318300,6.774900,0.727053
0.05,007,005,86.615200,86.554200,0.999296
0.10,007,004,48.593100,48.028400,0.988379
0.15,007,004,34.018100,32.497600,0.955303
0.20,007,004,25.840200,24.042200,0.930418
0.25,007,004,20.709900,18.367400,0.886890
0.30,007,004,17.113200,14.265000,0.833567
0.35,007,004,14.429200,11.106700,0.769738
0.40,007,004,12.366600,8.654600,0.699837
0.45,007,004,10.683600,6.817400,0.638118
0.50,007,004,9.318300,5.567200,0.597448
0.05,008,004,86.615200,86.339400,0.996816
0.10,008,004,48.593100,47.321700,0.973836
0.15,008,005,34.018100,31.780000,0.934209
0.20,008,005,25.840200,23.051900,0.892094
0.25,008,005,20.709900,17.237700,0.832341
0.30,008,005,17.113200,13.007400,0.760080
0.35,008,005,14.429200,9.929600,0.688160
0.40,008,005,12.366600,7.770100,0.628313
0.45,008,005,10.683600,6.304600,0.590119
0.50,008,005,9.318300,5.275800,0.566176
0.05,009,006,86.615200,86.447700,0.998066
0.10,009,005,48.593100,47.313900,0.973675
0.15,009,005,34.018100,31.565900,0.927915
0.20,009,005,25.840200,22.570000,0.873445
0.25,009,005,20.709900,16.511500,0.797276
0.30,009,005,17.113200,12.057700,0.704585
0.35,009,005,14.429200,8.864400,0.614338
0.40,009,005,12.366600,6.858400,0.554591
0.45,009,005,10.683600,5.665200,0.530271
0.50,009,005,9.318300,4.810400,0.516232
0.05,010,006,86.615200,85.787200,0.990440
0.10,010,005,48.593100,46.208500,0.950927
0.15,010,006,34.018100,30.682300,0.901940
0.20,010,006,25.840200,21.488000,0.831573
0.25,010,006,20.709900,15.390800,0.743161
0.30,010,006,17.113200,11.313000,0.661069
0.35,010,006,14.429200,8.645300,0.599153
0.40,010,006,12.366600,7.003600,0.566332
0.45,010,006,10.683600,5.909400,0.553128
0.50,010,004,9.318300,4.798200,0.514922
0.05,011,007,86.615200,85.789500,0.990467
0.10,011,007,48.593100,45.768300,0.941868
0.15,011,007,34.018100,29.581900,0.869593
0.20,011,007,25.840200,20.234200,0.783051
0.25,011,007,20.709900,14.212000,0.686242
0.30,011,007,17.113200,10.427900,0.609348
0.35,011,007,14.429200,7.986900,0.553523
0.40,011,006,12.366600,6.459800,0.522359
0.45,011,004,10.683600,5.190400,0.485829
0.50,011,004,9.318300,4.270500,0.458292
0.05,012,006,86.615200,85.583600,0.988090
0.10,012,006,48.593100,45.202000,0.930214
0.15,012,007,34.018100,29.434000,0.865245
0.20,012,007,25.840200,19.955800,0.772277
0.25,012,007,20.709900,13.858300,0.669163
0.30,012,007,17.113200,10.175000,0.594570
0.35,012,007,14.429200,8.042400,0.557370
0.40,012,005,12.366600,6.573400,0.531545
0.45,012,005,10.683600,5.224300,0.489002
0.50,012,005,9.318300,4.413600,0.473649
0.05,013,009,86.615200,85.504900,0.987181
0.10,013,008,48.593100,44.942800,0.924880
0.15,013,008,34.018100,28.164100,0.827915
0.20,013,008,25.840200,18.711100,0.724108
0.25,013,007,20.709900,12.871900,0.621534
0.30,013,007,17.113200,9.388900,0.548635
0.35,013,007,14.429200,7.395200,0.512516
0.40,013,005,12.366600,5.813900,0.470129
0.45,013,005,10.683600,4.780900,0.447499
0.50,013,003,9.318300,3.932200,0.421987
0.05,014,007,86.615200,84.373700,0.974121
0.10,014,009,48.593100,44.056100,0.906633
0.15,014,009,34.018100,27.272000,0.801691
0.20,014,008,25.840200,17.873900,0.691709
0.25,014,008,20.709900,12.081900,0.583388
0.30,014,008,17.113200,9.058500,0.529328
0.35,014,005,14.429200,6.315700,0.437703
0.40,014,005,12.366600,5.191600,0.419808
0.45,014,005,10.683600,4.542800,0.425212
0.50,014,003,9.318300,3.680400,0.394965
0.05,015,010,86.615200,84.657200,0.977394
0.10,015,009,48.593100,43.623000,0.897720
0.15,015,009,34.018100,26.532100,0.779941
0.20,015,009,25.840200,16.931600,0.655243
0.25,015,009,20.709900,11.909000,0.575039
0.30,015,008,17.113200,8.920300,0.521253
0.35,015,005,14.429200,6.881000,0.476880
0.40,015,005,12.366600,5.335900,0.431477
0.45,015,004,10.683600,4.511400,0.422273
0.50,015,003,9.318300,3.574100,0.383557
0.05,016,008,86.615200,83.417600,0.963083
0.10,016,010,48.593100,42.837200,0.881549
0.15,016,010,34.018100,25.488000,0.749248
0.20,016,010,25.840200,16.436700,0.636090
0.25,016,009,20.709900,11.589300,0.559602
0.30,016,006,17.113200,8.814800,0.515088
0.35,016,006,14.429200,6.753600,0.468051
0.40,016,005,12.366600,5.435400,0.439523
0.45,016,004,10.683600,4.522100,0.423275
0.50,016,003,9.318300,3.498000,0.375390
0.05,017,011,86.615200,83.565700,0.964793
0.10,017,011,48.593100,41.516600,0.854372
0.15,017,011,34.018100,24.281200,0.713773
0.20,017,010,25.840200,15.572400,0.602642
0.25,017,009,20.709900,11.022900,0.532253
0.30,017,006,17.113200,8.186100,0.478350
0.35,017,005,14.429200,6.149500,0.426184
0.40,017,005,12.366600,4.970800,0.401954
0.45,017,003,10.683600,4.191300,0.392312
0.50,017,003,9.318300,3.256700,0.349495
0.05,018,009,86.615200,82.479600,0.952253
0.10,018,011,48.593100,41.718600,0.858529
0.15,018,011,34.018100,23.940400,0.703755
0.20,018,010,25.840200,15.233300,0.589519
0.25,018,010,20.709900,10.937600,0.528134
0.30,018,007,17.113200,8.032100,0.469351
0.35,018,005,14.429200,5.834200,0.404333
0.40,018,005,12.366600,4.911700,0.397175
0.45,018,004,10.683600,4.271600,0.399828
0.50,018,003,9.318300,3.314900,0.355741
0.05,019,011,86.615200,82.983500,0.958071
0.10,019,012,48.593100,40.417100,0.831746
0.15,019,011,34.018100,22.802900,0.670317
0.20,019,011,25.840200,14.376100,0.556346
0.25,019,007,20.709900,9.538200,0.460562
0.30,019,007,17.113200,7.346500,0.429289
0.35,019,005,14.429200,5.453800,0.377970
0.40,019,005,12.366600,4.731900,0.382635
0.45,019,003,10.683600,4.007600,0.375117
0.50,019,003,9.318300,3.182100,0.341489
0.05,020,013,86.615200,81.988700,0.946586
0.10,020,013,48.593100,39.135300,0.805367
0.15,020,012,34.018100,22.229800,0.653470
0.20,020,011,25.840200,14.134200,0.546985
0.25,020,007,20.709900,9.325300,0.450282
0.30,020,007,17.113200,7.426300,0.433952
0.35,020,005,14.429200,5.507200,0.381671
0.40,020,005,12.366600,4.678100,0.378285
0.45,020,003,10.683600,3.826600,0.358175
0.50,020,003,9.318300,3.143500,0.337347
0.05,021,013,86.615200,81.782300,0.944203
0.10,021,013,48.593100,38.619200,0.794747
0.15,021,012,34.018100,21.591100,0.634694
0.20,021,011,25.840200,13.829000,0.535174
0.25,021,008,20.709900,9.851800,0.475705
0.30,021,006,17.113200,7.586500,0.443313
0.35,021,005,14.429200,5.644800,0.391207
0.40,021,004,12.366600,4.751900,0.384253
0.45,021,003,10.683600,3.733100,0.349423
0.50,021,003,9.318300,3.087600,0.331348
0.05,022,011,86.615200,80.801100,0.932874
0.10,022,014,48.593100,37.744900,0.776754
0.15,022,013,34.018100,20.986200,0.616913
0.20,022,008,25.840200,13.876600,0.537016
0.25,022,008,20.709900,9.376300,0.452745
0.30,022,006,17.113200,7.048500,0.411875
0.35,022,005,14.429200,5.400800,0.374297
0.40,022,004,12.366600,4.527700,0.366123
0.45,022,003,10.683600,3.679800,0.344434
0.50,022,003,9.318300,3.090600,0.331670
0.05,023,015,86.615200,80.502600,0.929428
0.10,023,015,48.593100,36.336200,0.747765
0.15,023,013,34.018100,20.035200,0.588957
0.20,023,008,25.840200,12.902300,0.499311
0.25,023,008,20.709900,8.943100,0.431827
0.30,023,005,17.113200,6.616900,0.386655
0.35,023,005,14.429200,5.135300,0.355896
0.40,023,004,12.366600,4.349500,0.351713
0.45,023,003,10.683600,3.513100,0.328831
0.50,023,003,9.318300,3.014800,0.323535
0.05,024,012,86.615200,80.116300,0.924968
0.10,024,014,48.593100,36.114900,0.743210
0.15,024,014,34.018100,19.650000,0.577634
0.20,024,009,25.840200,12.049600,0.466312
0.25,024,007,20.709900,8.917600,0.430596
0.30,024,005,17.113200,6.459300,0.377445
0.35,024,005,14.429200,5.157200,0.357414
0.40,024,004,12.366600,4.407400,0.356395
0.45,024,003,10.683600,3.505000,0.328073
0.50,024,003,9.318300,3.022900,0.324405
0.05,025,016,86.615200,79.509500,0.917962
0.10,025,016,48.593100,35.171700,0.723800
0.15,025,014,34.018100,19.300800,0.567369
0.20,025,009,25.840200,11.853300,0.458715
0.25,025,007,20.709900,8.751200,0.422561
0.30,025,005,17.113200,6.479300,0.378614
0.35,025,005,14.429200,5.146000,0.356638
0.40,025,004,12.366600,4.387800,0.354811
0.45,025,003,10.683600,3.412700,0.319434
0.50,025,003,9.318300,2.940100,0.315519
0.05,026,017,86.615200,78.510700,0.906431
0.10,026,017,48.593100,34.090000,0.701540
0.15,026,014,34.018100,19.100500,0.561481
0.20,026,009,25.840200,11.537500,0.446494
0.25,026,007,20.709900,8.388400,0.405043
0.30,026,005,17.113200,6.343800,0.370696
0.35,026,005,14.429200,5.134700,0.355855
0.40,026,004,12.366600,4.233700,0.342350
0.45,026,003,10.683600,3.336500,0.312301
0.50,026,003,9.318300,2.974400,0.319200
0.05,027,017,86.615200,78.092200,0.901599
0.10,027,017,48.593100,33.709500,0.693710
0.15,027,015,34.018100,18.844300,0.553949
0.20,027,010,25.840200,11.778900,0.455836
0.25,027,007,20.709900,7.809100,0.377071
0.30,027,005,17.113200,6.111000,0.357093
0.35,027,005,14.429200,5.062400,0.350844
0.40,027,004,12.366600,4.191100,0.338905
0.45,027,003,10.683600,3.332900,0.311964
0.50,027,003,9.318300,2.882800,0.309370
0.05,028,018,86.615200,77.762300,0.897790
0.10,028,018,48.593100,33.026900,0.679662
0.15,028,016,34.018100,18.553000,0.545386
0.20,028,010,25.840200,11.577900,0.448058
0.25,028,007,20.709900,8.191500,0.395535
0.30,028,005,17.113200,6.006400,0.350981
0.35,028,005,14.429200,4.997200,0.346326
0.40,028,004,12.366600,4.202900,0.339859
0.45,028,003,10.683600,3.284000,0.307387
0.50,028,003,9.318300,2.919100,0.313265
0.05,029,019,86.615200,75.918500,0.876503
0.10,029,017,48.593100,31.518400,0.648619
0.15,029,011,34.018100,16.993500,0.499543
0.20,029,010,25.840200,11.341200,0.438898
0.25,029,007,20.709900,8.025900,0.387539
0.30,029,005,17.113200,5.739200,0.335367
0.35,029,005,14.429200,4.867200,0.337316
0.40,029,004,12.366600,4.217700,0.341056
0.45,029,003,10.683600,3.229200,0.302258
0.50,029,003,9.318300,2.851900,0.306054
0.05,030,019,86.615200,75.878500,0.876041
0.10,030,017,48.593100,31.444600,0.647100
0.15,030,011,34.018100,16.883000,0.496295
0.20,030,008,25.840200,11.245400,0.435190
0.25,030,007,20.709900,8.017500,0.387134
0.30,030,005,17.113200,5.767500,0.337021
0.35,030,005,14.429200,4.923600,0.341225
0.40,030,004,12.366600,4.134500,0.334328
0.45,030,003,10.683600,3.236300,0.302922
0.50,030,003,9.318300,2.867800,0.307760
0.05,031,020,86.615200,75.307000,0.869443
0.10,031,018,48.593100,30.723300,0.632256
0.15,031,011,34.018100,16.452500,0.483640
0.20,031,008,25.840200,10.823400,0.418859
0.25,031,007,20.709900,7.750700,0.374251
0.30,031,005,17.113200,5.863400,0.342624
0.35,031,004,14.429200,4.816200,0.333781
0.40,031,004,12.366600,4.122000,0.333317
0.45,031,003,10.683600,3.196500,0.299197
0.50,031,003,9.318300,2.764600,0.296685
0.05,032,021,86.615200,73.672400,0.850571
0.10,032,018,48.593100,30.482400,0.627299
0.15,032,011,34.018100,16.198000,0.476158
0.20,032,009,25.840200,10.933100,0.423104
0.25,032,007,20.709900,7.665600,0.370142
0.30,032,005,17.113200,5.610000,0.327817
0.35,032,004,14.429200,4.737100,0.328300
0.40,032,004,12.366600,4.096700,0.331271
0.45,032,003,10.683600,3.172900,0.296988
0.50,032,003,9.318300,2.851200,0.305979
0.05,033,021,86.615200,73.751800,0.851488
0.10,033,019,48.593100,29.808600,0.613433
0.15,033,012,34.018100,15.858400,0.466175
0.20,033,009,25.840200,10.426300,0.403491
0.25,033,007,20.709900,7.476100,0.360992
0.30,033,005,17.113200,5.544500,0.323990
0.35,033,004,14.429200,4.830600,0.334779
0.40,033,004,12.366600,4.155500,0.336026
0.45,033,003,10.683600,3.156500,0.295453
0.50,033,003,9.318300,2.714900,0.291351
0.05,034,022,86.615200,72.692000,0.839252
0.10,034,020,48.593100,28.680000,0.590207
0.15,034,013,34.018100,15.550800,0.457133
0.20,034,009,25.840200,9.867200,0.381855
0.25,034,007,20.709900,7.280100,0.351528
0.30,034,005,17.113200,5.483300,0.320413
0.35,034,004,14.429200,4.636400,0.321321
0.40,034,004,12.366600,4.085800,0.330390
0.45,034,003,10.683600,3.155600,0.295369
0.50,034,003,9.318300,2.760500,0.296245
0.05,035,023,86.615200,71.728700,0.828131
0.10,035,020,48.593100,28.199500,0.580319
0.15,035,013,34.018100,15.452400,0.454241
0.20,035,009,25.840200,9.808600,0.379587
0.25,035,006,20.709900,7.478800,0.361122
0.30,035,005,17.113200,5.427900,0.317176
0.35,035,004,14.429200,4.481500,0.310585
0.40,035,003,12.366600,4.008800,0.324163
0.45,035,003,10.683600,3.119600,0.291999
0.50,035,003,9.318300,2.722500,0.292167
0.05,036,023,86.615200,71.625500,0.826939
0.10,036,020,48.593100,28.304500,0.582480
0.15,036,013,34.018100,15.455900,0.454343
0.20,036,009,25.840200,10.159600,0.393170
0.25,036,006,20.709900,7.411000,0.357848
0.30,036,005,17.113200,5.608100,0.327706
0.35,036,004,14.429200,4.561000,0.316095
0.40,036,003,12.366600,4.012600,0.324471
0.45,036,003,10.683600,3.121500,0.292177
0.50,036,003,9.318300,2.716000,0.291469
0.05,037,024,86.615200,70.368700,0.812429
0.10,037,020,48.593100,28.334200,0.583091
0.15,037,013,34.018100,15.338500,0.450892
0.20,037,008,25.840200,10.135400,0.392234
0.25,037,006,20.709900,7.299200,0.352450
0.30,037,005,17.113200,5.432700,0.317457
0.35,037,004,14.429200,4.613400,0.319727
0.40,037,003,12.366600,3.906400,0.315883
0.45,037,003,10.683600,3.077300,0.288040
0.50,037,003,9.318300,2.604600,0.279515
0.05,038,025,86.615200,69.867200,0.806639
0.10,038,022,48.593100,27.526700,0.566473
0.15,038,013,34.018100,15.051300,0.442450
0.20,038,008,25.840200,9.678700,0.374560
0.25,038,006,20.709900,7.162600,0.345854
0.30,038,005,17.113200,5.329600,0.311432
0.35,038,004,14.429200,4.421900,0.306455
0.40,038,003,12.366600,3.886800,0.314298
0.45,038,003,10.683600,3.110400,0.291138
0.50,038,037,9.318300,2.656700,0.285106
0.05,039,025,86.615200,68.529700,0.791197
0.10,039,015,48.593100,26.633300,0.548088
0.15,039,010,34.018100,14.738100,0.433243
0.20,039,008,25.840200,9.368300,0.362548
0.25,039,006,20.709900,6.963800,0.336255
0.30,039,005,17.113200,5.263600,0.307575
0.35,039,004,14.429200,4.412400,0.305797
0.40,039,003,12.366600,3.875300,0.313368
0.45,039,003,10.683600,3.067300,0.287104
0.50,039,003,9.318300,2.574500,0.276284
0.05,040,026,86.615200,68.359400,0.789231
0.10,040,015,48.593100,26.558100,0.546541
0.15,040,011,34.018100,14.497700,0.426176
0.20,040,008,25.840200,9.487400,0.367157
0.25,040,006,20.709900,6.975100,0.336800
0.30,040,005,17.113200,5.316400,0.310661
0.35,040,004,14.429200,4.403000,0.305145
0.40,040,003,12.366600,3.817300,0.308678
0.45,040,003,10.683600,3.067000,0.287076
0.50,040,003,9.318300,2.625500,0.281757
0.05,041,027,86.615200,66.668200,0.769706
0.10,041,015,48.593100,26.823800,0.552008
0.15,041,011,34.018100,13.582500,0.399273
0.20,041,007,25.840200,9.550600,0.369602
0.25,041,007,20.709900,7.113900,0.343502
0.30,041,005,17.113200,5.465900,0.319397
0.35,041,004,14.429200,4.462300,0.309255
0.40,041,003,12.366600,3.761600,0.304174
0.45,041,003,10.683600,3.050100,0.285494
0.50,041,003,9.318300,2.627500,0.281972
0.05,042,027,86.615200,66.556600,0.768417
0.10,042,016,48.593100,26.353200,0.542324
0.15,042,011,34.018100,13.554500,0.398450
0.20,042,009,25.840200,9.639000,0.373023
0.25,042,006,20.709900,6.961600,0.336148
0.30,042,005,17.113200,5.274600,0.308218
0.35,042,004,14.429200,4.344600,0.301098
0.40,042,003,12.366600,3.733700,0.301918
0.45,042,003,10.683600,3.039000,0.284455
0.50,042,003,9.318300,2.575100,0.276349
0.05,043,028,86.615200,65.375200,0.754777
0.10,043,016,48.593100,25.155100,0.517668
0.15,043,011,34.018100,13.370800,0.393050
0.20,043,007,25.840200,9.436500,0.365187
0.25,043,006,20.709900,6.724600,0.324705
0.30,043,005,17.113200,5.230700,0.305653
0.35,043,004,14.429200,4.286800,0.297092
0.40,043,003,12.366600,3.683000,0.297818
0.45,043,003,10.683600,3.003100,0.281094
0.50,043,003,9.318300,2.497900,0.268064
0.05,044,029,86.615200,65.332200,0.754281
0.10,044,017,48.593100,24.162100,0.497233
0.15,044,012,34.018100,14.135200,0.415520
0.20,044,007,25.840200,9.278800,0.359084
0.25,044,006,20.709900,6.717000,0.324338
0.30,044,005,17.113200,5.160200,0.301533
0.35,044,004,14.429200,4.273500,0.296170
0.40,044,003,12.366600,3.676600,0.297301
0.45,044,003,10.683600,3.044400,0.284960
0.50,044,003,9.318300,2.627400,0.281961
0.05,045,029,86.615200,64.970700,0.750107
0.10,045,017,48.593100,24.063200,0.495198
0.15,045,012,34.018100,13.954600,0.410211
0.20,045,008,25.840200,9.176700,0.355133
0.25,045,006,20.709900,6.765000,0.326655
0.30,045,005,17.113200,5.218800,0.304958
0.35,045,004,14.429200,4.394900,0.304584
0.40,045,003,12.366600,3.634200,0.293872
0.45,045,003,10.683600,2.974900,0.278455
0.50,045,003,9.318300,2.465300,0.264565
0.05,046,030,86.615200,63.580300,0.734055
0.10,046,017,48.593100,23.875200,0.491329
0.15,046,012,34.018100,13.603800,0.399899
0.20,046,008,25.840200,9.077100,0.351278
0.25,046,006,20.709900,6.662100,0.321687
0.30,046,005,17.113200,5.354000,0.312858
0.35,046,004,14.429200,4.262200,0.295387
0.40,046,003,12.366600,3.651300,0.295255
0.45,046,003,10.683600,2.993900,0.280233
0.50,046,003,9.318300,2.514500,0.269845
0.05,047,031,86.615200,62.602400,0.722765
0.10,047,017,48.593100,23.563400,0.484912
0.15,047,012,34.018100,13.443500,0.395187
0.20,047,007,25.840200,8.785200,0.339982
0.25,047,006,20.709900,6.835900,0.330079
0.30,047,005,17.113200,5.183000,0.302866
0.35,047,004,14.429200,4.232500,0.293329
0.40,047,003,12.366600,3.601300,0.291212
0.45,047,003,10.683600,2.979700,0.278904
0.50,047,003,9.318300,2.532100,0.271734
0.05,048,028,86.615200,62.609500,0.722847
0.10,048,017,48.593100,23.785600,0.489485
0.15,048,010,34.018100,13.181700,0.387491
0.20,048,007,25.840200,8.698900,0.336642
0.25,048,006,20.709900,6.716900,0.324333
0.30,048,005,17.113200,5.182300,0.302825
0.35,048,004,14.429200,4.240800,0.293904
0.40,048,003,12.366600,3.587400,0.290088
0.45,048,003,10.683600,2.980500,0.278979
0.50,048,003,9.318300,2.481200,0.266272
0.05,049,029,86.615200,61.431700,0.709248
0.10,049,019,48.593100,23.203700,0.477510
0.15,049,010,34.018100,13.055800,0.383790
0.20,049,007,25.840200,9.135500,0.353538
0.25,049,006,20.709900,6.606300,0.318992
0.30,049,005,17.113200,5.158100,0.301411
0.35,049,004,14.429200,4.334000,0.300363
0.40,049,003,12.366600,3.547500,0.286861
0.45,049,003,10.683600,2.924600,0.273747
0.50,049,003,9.318300,2.410000,0.258631
0.05,050,033,86.615200,61.034100,0.704658
0.10,050,019,48.593100,23.084000,0.475047
0.15,050,011,34.018100,13.142600,0.386341
0.20,050,007,25.840200,8.970000,0.347134
0.25,050,006,20.709900,6.523100,0.314975
0.30,050,005,17.113200,5.094600,0.297700
0.35,050,004,14.429200,4.206200,0.291506
0.40,050,003,12.366600,3.524900,0.285034
0.45,050,003,10.683600,2.979000,0.278839
0.50,050,003,9.318300,2.536500,0.272206
0.05,051,030,86.615200,60.110500,0.693995
0.10,051,018,48.593100,23.410900,0.481774
0.15,051,011,34.018100,12.961700,0.381024
0.20,051,007,25.840200,8.739100,0.338198
0.25,051,006,20.709900,6.450700,0.311479
0.30,051,005,17.113200,5.312400,0.310427
0.35,051,004,14.429200,4.201200,0.291160
0.40,051,003,12.366600,3.523600,0.284929
0.45,051,003,10.683600,2.909800,0.272361
0.50,051,003,9.318300,2.389200,0.256399
0.05,052,034,86.615200,60.065900,0.693480
0.10,052,018,48.593100,23.290600,0.479299
0.15,052,011,34.018100,12.750300,0.374809
0.20,052,007,25.840200,8.598400,0.332753
0.25,052,006,20.709900,6.467400,0.312285
0.30,052,005,17.113200,5.127900,0.299646
0.35,052,004,14.429200,4.176400,0.289441
0.40,052,003,12.366600,3.503200,0.283279
0.45,052,003,10.683600,2.936700,0.274879
0.50,052,003,9.318300,2.419900,0.259693
0.05,053,031,86.615200,58.510700,0.675525
0.10,053,020,48.593100,22.958700,0.472468
0.15,053,011,34.018100,12.283100,0.361075
0.20,053,007,25.840200,8.454800,0.327196
0.25,053,006,20.709900,6.772500,0.327018
0.30,053,005,17.113200,5.065200,0.295982
0.35,053,004,14.429200,4.296300,0.297750
0.40,053,003,12.366600,3.503300,0.283287
0.45,053,003,10.683600,2.933400,0.274570
0.50,053,003,9.318300,2.482700,0.266433
0.05,054,032,86.615200,57.544400,0.664368
0.10,054,020,48.593100,22.803500,0.469274
0.15,054,011,34.018100,12.213200,0.359021
0.20,054,007,25.840200,8.389300,0.324661
0.25,054,006,20.709900,6.552500,0.316395
0.30,054,005,17.113200,5.073800,0.296485
0.35,054,004,14.429200,4.182000,0.289829
0.40,054,003,12.366600,3.478900,0.281314
0.45,054,003,10.683600,2.914700,0.272820
0.50,054,003,9.318300,2.399100,0.257461
0.05,055,032,86.615200,57.559900,0.664547
0.10,055,015,48.593100,21.890400,0.450484
0.15,055,011,34.018100,12.946300,0.380571
0.20,055,007,25.840200,8.319000,0.321940
0.25,055,006,20.709900,6.393800,0.308732
0.30,055,005,17.113200,5.076700,0.296654
0.35,055,004,14.429200,4.145600,0.287306
0.40,055,003,12.366600,3.465700,0.280247
0.45,055,003,10.683600,2.877500,0.269338
0.50,055,003,9.318300,2.349100,0.252095
0.05,056,037,86.615200,56.928800,0.657261
0.10,056,015,48.593100,22.466100,0.462331
0.15,056,010,34.018100,12.783100,0.375773
0.20,056,008,25.840200,8.662700,0.335241
0.25,056,006,20.709900,6.413300,0.309673
0.30,056,005,17.113200,5.234000,0.305846
0.35,056,004,14.429200,4.144900,0.287258
0.40,056,003,12.366600,3.443600,0.278460
0.45,056,003,10.683600,2.931900,0.274430
0.50,056,003,9.318300,2.493500,0.267592
0.05,057,033,86.615200,56.479900,0.652078
0.10,057,015,48.593100,22.330700,0.459545
0.15,057,010,34.018100,12.555900,0.369095
0.20,057,007,25.840200,8.566600,0.331522
0.25,057,006,20.709900,6.380200,0.308075
0.30,057,005,17.113200,5.055900,0.295439
0.35,057,004,14.429200,4.270800,0.295983
0.40,057,003,12.366600,3.451600,0.279107
0.45,057,003,10.683600,2.845700,0.266362
0.50,057,003,9.318300,2.333300,0.250400
0.05,058,034,86.615200,55.931200,0.645743
0.10,058,015,48.593100,21.825300,0.449144
0.15,058,010,34.018100,12.320500,0.362175
0.20,058,007,25.840200,8.294500,0.320992
0.25,058,006,20.709900,6.356300,0.306921
0.30,058,005,17.113200,5.050600,0.295129
0.35,058,004,14.429200,4.141000,0.286987
0.40,058,003,12.366600,3.461100,0.279875
0.45,058,003,10.683600,2.876600,0.269254
0.50,058,003,9.318300,2.356700,0.252911
0.05,059,035,86.615200,55.414400,0.639777
0.10,059,015,48.593100,21.307100,0.438480
0.15,059,010,34.018100,12.002000,0.352812
0.20,059,007,25.840200,8.174000,0.316329
0.25,059,005,20.709900,6.423500,0.310166
0.30,059,005,17.113200,4.992900,0.291757
0.35,059,004,14.429200,4.157000,0.288096
0.40,059,003,12.366600,3.447700,0.278791
0.45,059,003,10.683600,2.892700,0.270761
0.50,059,003,9.318300,2.452400,0.263181
0.05,060,036,86.615200,55.212800,0.637449
0.10,060,016,48.593100,21.264700,0.437607
0.15,060,010,34.018100,12.061800,0.354570
0.20,060,007,25.840200,8.122600,0.314340
0.25,060,005,20.709900,6.440400,0.310982
0.30,060,005,17.113200,5.012000,0.292873
0.35,060,004,14.429200,4.133200,0.286447
0.40,060,003,12.366600,3.396100,0.274619
0.45,060,003,10.683600,2.857800,0.267494
0.50,060,003,9.318300,2.344500,0.251602
0.05,061,036,86.615200,53.982800,0.623249
0.10,061,016,48.593100,20.900200,0.430106
0.15,061,011,34.018100,12.190800,0.358362
0.20,061,007,25.840200,8.148900,0.315357
0.25,061,006,20.709900,6.341400,0.306201
0.30,061,005,17.113200,5.215200,0.304747
0.35,061,004,14.429200,4.225900,0.292871
0.40,061,003,12.366600,3.367000,0.272266
0.45,061,003,10.683600,2.815800,0.263563
0.50,061,003,9.318300,2.304800,0.247341
0.05,062,036,86.615200,53.968200,0.623080
0.10,062,017,48.593100,20.496300,0.421794
0.15,062,011,34.018100,11.924200,0.350525
0.20,062,007,25.840200,8.122500,0.314336
0.25,062,006,20.709900,6.309400,0.304656
0.30,062,005,17.113200,4.986700,0.291395
0.35,062,004,14.429200,4.127400,0.286045
0.40,062,003,12.366600,3.381900,0.273470
0.45,062,003,10.683600,2.887200,0.270246
0.50,062,003,9.318300,2.444200,0.262301
0.05,063,037,86.615200,52.782900,0.609395
0.10,063,017,48.593100,20.316300,0.418090
0.15,063,011,34.018100,12.009300,0.353027
0.20,063,008,25.840200,8.470800,0.327815
0.25,063,006,20.709900,6.295900,0.304004
0.30,063,005,17.113200,5.004200,0.292418
0.35,063,004,14.429200,4.122100,0.285678
0.40,063,003,12.366600,3.397900,0.274764
0.45,063,003,10.683600,2.806200,0.262664
0.50,063,003,9.318300,2.293200,0.246096
0.05,064,037,86.615200,52.635600,0.607695
0.10,064,017,48.593100,20.222800,0.416166
0.15,064,011,34.018100,11.844000,0.348168
0.20,064,007,25.840200,8.268300,0.319978
0.25,064,005,20.709900,6.244100,0.301503
0.30,064,005,17.113200,4.948500,0.289163
0.35,064,004,14.429200,4.105500,0.284527
0.40,064,003,12.366600,3.397300,0.274716
0.45,064,003,10.683600,2.825500,0.264471
0.50,064,003,9.318300,2.312400,0.248157
0.05,065,037,86.615200,52.220700,0.602905
0.10,065,017,48.593100,19.968800,0.410939
0.15,065,011,34.018100,11.841200,0.348085
0.20,065,007,25.840200,8.166800,0.316050
0.25,065,005,20.709900,6.312800,0.304820
0.30,065,005,17.113200,4.931300,0.288158
0.35,065,004,14.429200,4.219500,0.292428
0.40,065,003,12.366600,3.359700,0.271675
0.45,065,003,10.683600,2.847200,0.266502
0.50,065,003,9.318300,2.415400,0.259210
0.05,066,037,86.615200,52.210000,0.602781
0.10,066,017,48.593100,21.106500,0.434352
0.15,066,010,34.018100,11.918500,0.350358
0.20,066,007,25.840200,8.052700,0.311635
0.25,066,006,20.709900,6.404900,0.309268
0.30,066,005,17.113200,5.174200,0.302351
0.35,066,004,14.429200,4.110300,0.284860
0.40,066,003,12.366600,3.379700,0.273293
0.45,066,003,10.683600,2.822700,0.264209
0.50,066,003,9.318300,2.312600,0.248178
0.05,067,037,86.615200,52.268600,0.603458
0.10,067,017,48.593100,20.929600,0.430711
0.15,067,010,34.018100,11.857200,0.348556
0.20,067,007,25.840200,7.976600,0.308690
0.25,067,006,20.709900,6.254500,0.302005
0.30,067,005,17.113200,4.982800,0.291167
0.35,067,004,14.429200,4.093200,0.283675
0.40,067,003,12.366600,3.334500,0.269638
0.45,067,003,10.683600,2.780100,0.260221
0.50,067,003,9.318300,2.281400,0.244830
0.05,068,040,86.615200,51.525300,0.594876
0.10,068,014,48.593100,20.684900,0.425676
0.15,068,010,34.018100,11.574000,0.340231
0.20,068,007,25.840200,7.972600,0.308535
0.25,068,005,20.709900,6.200300,0.299388
0.30,068,005,17.113200,4.885900,0.285505
0.35,068,004,14.429200,4.091800,0.283578
0.40,068,003,12.366600,3.355500,0.271336
0.45,068,003,10.683600,2.851500,0.266904
0.50,068,003,9.318300,2.419500,0.259650
0.05,069,040,86.615200,51.598900,0.595726
0.10,069,014,48.593100,20.049200,0.412594
0.15,069,010,34.018100,11.393400,0.334922
0.20,069,007,25.840200,7.878500,0.304893
0.25,069,005,20.709900,6.187900,0.298789
0.30,069,005,17.113200,4.919400,0.287462
0.35,069,004,14.429200,4.205800,0.291478
0.40,069,003,12.366600,3.351900,0.271045
0.45,069,003,10.683600,2.761600,0.258490
0.50,069,003,9.318300,2.272800,0.243907
0.05,070,040,86.615200,50.996400,0.588770
0.10,070,015,48.593100,19.604500,0.403442
0.15,070,010,34.018100,11.540800,0.339255
0.20,070,008,25.840200,8.369800,0.323906
0.25,070,005,20.709900,6.224000,0.300533
0.30,070,005,17.113200,4.918100,0.287386
0.35,070,004,14.429200,4.088200,0.283328
0.40,070,003,12.366600,3.334400,0.269629
0.45,070,003,10.683600,2.786500,0.260820
0.50,070,003,9.318300,2.274500,0.244090
0.05,071,040,86.615200,50.541400,0.583517
0.10,071,015,48.593100,20.252000,0.416767
0.15,071,009,34.018100,11.412300,0.335477
0.20,071,007,25.840200,8.184700,0.316743
0.25,071,005,20.709900,6.459200,0.311889
0.30,071,004,17.113200,5.037200,0.294346
0.35,071,004,14.429200,4.088200,0.283328
0.40,071,003,12.366600,3.332100,0.269444
0.45,071,003,10.683600,2.817400,0.263713
0.50,071,003,9.318300,2.395300,0.257053
0.05,072,042,86.615200,50.418400,0.582096
0.10,072,015,48.593100,20.123200,0.414116
0.15,072,009,34.018100,11.616200,0.341471
0.20,072,007,25.840200,7.945600,0.307490
0.25,072,005,20.709900,6.149100,0.296916
0.30,072,005,17.113200,4.939400,0.288631
0.35,072,004,14.429200,4.081300,0.282850
0.40,072,003,12.366600,3.306500,0.267373
0.45,072,003,10.683600,2.771700,0.259435
0.50,072,003,9.318300,2.278300,0.244497
0.05,073,042,86.615200,50.056100,0.577914
0.10,073,015,48.593100,19.682900,0.405055
0.15,073,011,34.018100,11.761300,0.345737
0.20,073,007,25.840200,7.806100,0.302091
0.25,073,005,20.709900,6.162700,0.297573
0.30,073,005,17.113200,4.883000,0.285335
0.35,073,004,14.429200,4.187500,0.290210
0.40,073,003,12.366600,3.310000,0.267656
0.45,073,003,10.683600,2.751500,0.257544
0.50,073,003,9.318300,2.257100,0.242222
0.05,074,044,86.615200,49.729200,0.574139
0.10,074,015,48.593100,19.461300,0.400495
0.15,074,010,34.018100,11.738900,0.345078
0.20,074,007,25.840200,7.861300,0.304228
0.25,074,005,20.709900,5.998600,0.289649
0.30,074,005,17.113200,4.825400,0.281969
0.35,074,004,14.429200,4.067700,0.281908
0.40,074,003,12.366600,3.328700,0.269169
0.45,074,003,10.683600,2.825000,0.264424
0.50,074,003,9.318300,2.407500,0.258363
0.05,075,028,86.615200,49.051400,0.566314
0.10,075,015,48.593100,19.613400,0.403625
0.15,075,010,34.018100,11.572600,0.340189
0.20,075,007,25.840200,7.784800,0.301267
0.25,075,005,20.709900,6.110300,0.295042
0.30,075,005,17.113200,4.887600,0.285604
0.35,075,004,14.429200,4.078700,0.282670
0.40,075,003,12.366600,3.299500,0.266807
0.45,075,003,10.683600,2.739700,0.256440
0.50,075,003,9.318300,2.250100,0.241471
0.05,076,042,86.615200,49.485200,0.571322
0.10,076,016,48.593100,19.658300,0.404549
0.15,076,010,34.018100,11.422600,0.335780
0.20,076,007,25.840200,7.766600,0.300563
0.25,076,006,20.709900,6.203900,0.299562
0.30,076,004,17.113200,5.001200,0.292242
0.35,076,004,14.429200,4.082600,0.282940
0.40,076,003,12.366600,3.299300,0.266791
0.45,076,003,10.683600,2.750200,0.257423
0.50,076,003,9.318300,2.264500,0.243016
0.05,077,043,86.615200,49.228300,0.568356
0.10,077,016,48.593100,19.402400,0.399283
0.15,077,010,34.018100,11.248500,0.330662
0.20,077,007,25.840200,8.296800,0.321081
0.25,077,005,20.709900,6.061200,0.292672
0.30,077,005,17.113200,4.877100,0.284991
0.35,077,004,14.429200,4.166100,0.288727
0.40,077,003,12.366600,3.293300,0.266306
0.45,077,003,10.683600,2.800900,0.262168
0.50,077,003,9.318300,2.381700,0.255594
0.05,078,030,86.615200,48.200300,0.556488
0.10,078,016,48.593100,19.013500,0.391280
0.15,078,010,34.018100,11.296100,0.332061
0.20,078,007,25.840200,8.046600,0.311399
0.25,078,005,20.709900,5.991200,0.289292
0.30,078,005,17.113200,4.838400,0.282729
0.35,078,004,14.429200,4.067900,0.281921
0.40,078,003,12.366600,3.273800,0.264729
0.45,078,003,10.683600,2.746100,0.257039
0.50,078,003,9.318300,2.253500,0.241836
0.05,079,031,86.615200,46.930200,0.541824
0.10,079,016,48.593100,18.700900,0.384847
0.15,079,010,34.018100,11.099600,0.326285
0.20,079,007,25.840200,7.801800,0.301925
0.25,079,005,20.709900,5.923500,0.286023
0.30,079,005,17.113200,4.825200,0.281958
0.35,079,004,14.429200,4.061900,0.281506
0.40,079,003,12.366600,3.273800,0.264729
0.45,079,003,10.683600,2.720100,0.254605
0.50,079,003,9.318300,2.233400,0.239679
0.05,080,031,86.615200,47.077600,0.543526
0.10,080,017,48.593100,18.949000,0.389952
0.15,080,009,34.018100,11.208600,0.329489
0.20,080,007,25.840200,7.771000,0.300733
0.25,080,005,20.709900,6.030100,0.291170
0.30,080,005,17.113200,4.790700,0.279942
0.35,080,004,14.429200,4.076100,0.282490
0.40,080,003,12.366600,3.277200,0.265004
0.45,080,003,10.683600,2.806200,0.262664
0.50,080,003,9.318300,2.392100,0.256710
0.05,081,031,86.615200,46.891900,0.541382
0.10,081,017,48.593100,18.928300,0.389526
0.15,081,009,34.018100,11.232700,0.330198
0.20,081,007,25.840200,7.762900,0.300420
0.25,081,006,20.709900,6.182100,0.298509
0.30,081,004,17.113200,5.059300,0.295637
0.35,081,004,14.429200,4.179500,0.289656
0.40,081,003,12.366600,3.246500,0.262522
0.45,081,003,10.683600,2.706100,0.253295
0.50,081,003,9.318300,2.240200,0.240409
0.05,082,031,86.615200,46.878900,0.541232
0.10,082,017,48.593100,18.860100,0.388123
0.15,082,009,34.018100,11.220400,0.329836
0.20,082,007,25.840200,7.663700,0.296581
0.25,082,005,20.709900,5.975200,0.288519
0.30,082,004,17.113200,4.853600,0.283617
0.35,082,004,14.429200,4.069900,0.282060
0.40,082,003,12.366600,3.260300,0.263638
0.45,082,003,10.683600,2.736800,0.256168
0.50,082,003,9.318300,2.250400,0.241503
0.05,083,032,86.615200,45.963600,0.530664
0.10,083,014,48.593100,18.637100,0.383534
0.15,083,011,34.018100,11.496900,0.337964
0.20,083,007,25.840200,7.611900,0.294576
0.25,083,005,20.709900,5.986300,0.289055
0.30,083,005,17.113200,4.771000,0.278791
0.35,083,004,14.429200,4.052800,0.280875
0.40,083,003,12.366600,3.252700,0.263023
0.45,083,003,10.683600,2.775800,0.259819
0.50,083,003,9.318300,2.369200,0.254252
0.05,084,032,86.615200,45.822100,0.529031
0.10,084,015,48.593100,18.738800,0.385627
0.15,084,010,34.018100,11.298200,0.332123
0.20,084,008,25.840200,8.201900,0.317409
0.25,084,005,20.709900,5.848500,0.282401
0.30,084,005,17.113200,4.789000,0.279842
0.35,084,004,14.429200,4.054500,0.280993
0.40,084,003,12.366600,3.264300,0.263961
0.45,084,003,10.683600,2.719700,0.254568
0.50,084,003,9.318300,2.251800,0.241654
0.05,085,032,86.615200,45.456600,0.524811
0.10,085,015,48.593100,18.565300,0.382056
0.15,085,010,34.018100,11.248300,0.330656
0.20,085,007,25.840200,7.919200,0.306468
0.25,085,005,20.709900,5.958900,0.287732
0.30,085,083,17.113200,4.706500,0.275022
0.35,085,083,14.429200,4.061500,0.281478
0.40,085,003,12.366600,3.237800,0.261818
0.45,085,003,10.683600,2.704700,0.253164
0.50,085,003,9.318300,2.232500,0.239582
0.05,086,032,86.615200,45.230000,0.522195
0.10,086,016,48.593100,19.127500,0.393626
0.15,086,009,34.018100,11.229500,0.330104
0.20,086,007,25.840200,7.782900,0.301193
0.25,086,006,20.709900,6.158000,0.297346
0.30,086,004,17.113200,4.800400,0.280509
0.35,086,004,14.429200,4.047800,0.280528
0.40,086,003,12.366600,3.221200,0.260476
0.45,086,003,10.683600,2.788700,0.261026
0.50,086,003,9.318300,2.373900,0.254757
0.05,087,032,86.615200,45.214000,0.522010
0.10,087,016,48.593100,18.814700,0.387189
0.15,087,010,34.018100,11.115600,0.326755
0.20,087,007,25.840200,7.646200,0.295903
0.25,087,005,20.709900,5.940800,0.286858
0.30,087,004,17.113200,4.803600,0.280696
0.35,087,004,14.429200,4.043600,0.280237
0.40,087,003,12.366600,3.214100,0.259902
0.45,087,003,10.683600,2.683800,0.251207
0.50,087,003,9.318300,2.227300,0.239024
0.05,088,032,86.615200,44.804100,0.517278
0.10,088,016,48.593100,18.583200,0.382425
0.15,088,010,34.018100,11.043600,0.324639
0.20,088,007,25.840200,7.619900,0.294885
0.25,088,005,20.709900,5.904300,0.285096
0.30,088,005,17.113200,4.779600,0.279293
0.35,088,004,14.429200,4.051100,0.280757
0.40,088,003,12.366600,3.230100,0.261195
0.45,088,003,10.683600,2.710000,0.253660
0.50,088,003,9.318300,2.237000,0.240065
0.05,089,035,86.615200,44.401500,0.512629
0.10,089,015,48.593100,18.271800,0.376016
0.15,089,010,34.018100,10.907900,0.320650
0.20,089,007,25.840200,7.576600,0.293210
0.25,089,005,20.709900,5.866200,0.283256
0.30,089,005,17.113200,4.727200,0.276231
0.35,089,004,14.429200,4.144200,0.287209
0.40,089,003,12.366600,3.224900,0.260775
0.45,089,003,10.683600,2.759800,0.258321
0.50,089,003,9.318300,2.360200,0.253287
0.05,090,035,86.615200,44.473600,0.513462
0.10,090,015,48.593100,18.381900,0.378282
0.15,090,010,34.018100,10.976500,0.322666
0.20,090,007,25.840200,7.584800,0.293527
0.25,090,005,20.709900,5.834700,0.281735
0.30,090,005,17.113200,4.756400,0.277937
0.35,090,004,14.429200,4.039400,0.279946
0.40,090,003,12.366600,3.218500,0.260257
0.45,090,003,10.683600,2.697900,0.252527
0.50,090,003,9.318300,2.234000,0.239743
0.05,091,032,86.615200,44.510000,0.513882
0.10,091,015,48.593100,18.538400,0.381503
0.15,091,009,34.018100,10.974000,0.322593
0.20,091,007,25.840200,8.134600,0.314804
0.25,091,006,20.709900,6.124400,0.295723
0.30,091,004,17.113200,4.752000,0.277680
0.35,091,004,14.429200,4.041200,0.280071
0.40,091,003,12.366600,3.216700,0.260112
0.45,091,003,10.683600,2.693600,0.252125
0.50,091,003,9.318300,2.230500,0.239368
0.05,092,033,86.615200,44.305700,0.511523
0.10,092,015,48.593100,18.530100,0.381332
0.15,092,011,34.018100,11.474500,0.337306
0.20,092,007,25.840200,7.875000,0.304758
0.25,092,005,20.709900,5.829000,0.281460
0.30,092,004,17.113200,4.732700,0.276553
0.35,092,004,14.429200,4.047000,0.280473
0.40,092,003,12.366600,3.237900,0.261826
0.45,092,003,10.683600,2.774700,0.259716
0.50,092,003,9.318300,2.368900,0.254220
0.05,093,033,86.615200,44.235400,0.510712
0.10,093,015,48.593100,18.611500,0.383007
0.15,093,011,34.018100,11.362400,0.334010
0.20,093,007,25.840200,7.592800,0.293837
0.25,093,005,20.709900,5.808800,0.280484
0.30,093,005,17.113200,4.753200,0.277751
0.35,093,004,14.429200,4.140200,0.286932
0.40,093,003,12.366600,3.207100,0.259336
0.45,093,003,10.683600,2.679500,0.250805
0.50,093,003,9.318300,2.227300,0.239024
0.05,094,036,86.615200,44.016200,0.508181
0.10,094,016,48.593100,18.433700,0.379348
0.15,094,010,34.018100,11.155000,0.327914
0.20,094,007,25.840200,7.564400,0.292738
0.25,094,005,20.709900,5.828900,0.281455
0.30,094,004,17.113200,4.740400,0.277003
0.35,094,004,14.429200,4.051700,0.280799
0.40,094,003,12.366600,3.211900,0.259724
0.45,094,003,10.683600,2.688500,0.251647
0.50,094,003,9.318300,2.225800,0.238863
0.05,095,036,86.615200,43.777700,0.505427
0.10,095,016,48.593100,18.144800,0.373403
0.15,095,010,34.018100,10.901100,0.320450
0.20,095,007,25.840200,7.533700,0.291550
0.25,095,005,20.709900,5.848800,0.282416
0.30,095,004,17.113200,4.699200,0.274595
0.35,095,004,14.429200,4.040100,0.279995
0.40,095,003,12.366600,3.205000,0.259166
0.45,095,003,10.683600,2.758200,0.258171
0.50,095,003,9.318300,2.370500,0.254392
0.05,096,036,86.615200,43.815700,0.505866
0.10,096,014,48.593100,18.049400,0.371440
0.15,096,010,34.018100,10.912200,0.320776
0.20,096,007,25.840200,7.561400,0.292622
0.25,096,005,20.709900,6.074200,0.293299
0.30,096,004,17.113200,4.728500,0.276307
0.35,096,004,14.429200,4.040900,0.280050
0.40,096,003,12.366600,3.218400,0.260249
0.45,096,003,10.683600,2.691000,0.251881
0.50,096,003,9.318300,2.226200,0.238906
0.05,097,036,86.615200,43.398000,0.501044
0.10,097,014,48.593100,17.797300,0.366252
0.15,097,009,34.018100,10.764300,0.316429
0.20,097,007,25.840200,7.500800,0.290276
0.25,097,005,20.709900,5.821800,0.281112
0.30,097,005,17.113200,4.811100,0.281134
0.35,097,004,14.429200,4.144400,0.287223
0.40,097,003,12.366600,3.184700,0.257524
0.45,097,003,10.683600,2.679900,0.250842
0.50,097,003,9.318300,2.219700,0.238209
0.05,098,033,86.615200,43.308600,0.500012
0.10,098,015,48.593100,17.818900,0.366696
0.15,098,009,34.018100,10.865600,0.319406
0.20,098,007,25.840200,7.990400,0.309224
0.25,098,005,20.709900,5.809700,0.280528
0.30,098,005,17.113200,4.706800,0.275039
0.35,098,004,14.429200,4.030600,0.279336
0.40,098,003,12.366600,3.209400,0.259522
0.45,098,003,10.683600,2.766300,0.258930
0.50,098,003,9.318300,2.369300,0.254263
0.05,099,036,86.615200,43.044000,0.496957
0.10,099,015,48.593100,17.911400,0.368600
0.15,099,010,34.018100,10.785600,0.317055
0.20,099,007,25.840200,7.814500,0.302416
0.25,099,005,20.709900,5.756500,0.277959
0.30,099,004,17.113200,4.690500,0.274087
0.35,099,004,14.429200,4.036800,0.279766
0.40,099,003,12.366600,3.172800,0.256562
0.45,099,003,10.683600,2.667300,0.249663
0.50,099,003,9.318300,2.221600,0.238413
0.05,100,034,86.615200,43.102300,0.497630
0.10,100,015,48.593100,17.539500,0.360946
0.15,100,009,34.018100,10.836500,0.318551
0.20,100,007,25.840200,7.565000,0.292761
0.25,100,005,20.709900,5.729900,0.276674
0.30,100,004,17.113200,4.632600,0.270703
0.35,100,004,14.429200,4.040900,0.280050
0.40,100,003,12.366600,3.187100,0.257718
0.45,100,003,10.683600,2.683100,0.251142
0.50,100,003,9.318300,2.225100,0.238788
